serial,id,bang,2019,20191,20192,20193,20194,20195,20196,20197,20198,20199,201910,201911,201912,2020,20201,20202,20203
0,1,দেবিদ্বার,23.0,0.0,0.0,0.0,0.0,0.0,0.0,1.0,22.0,0.0,0.0,0.0,0.0,0.0,0.0,0.0,0.0
1,1,বরুড়া,2.0,0.0,0.0,0.0,0.0,0.0,0.0,1.0,1.0,0.0,0.0,0.0,0.0,0.0,0.0,0.0,0.0
2,1,ব্রাহ্মণপাড়া,7.0,0.0,0.0,0.0,0.0,0.0,0.0,0.0,7.0,0.0,0.0,0.0,0.0,0.0,0.0,0.0,0.0
3,1,চান্দিনা,25.0,0.0,0.0,0.0,0.0,0.0,0.0,0.0,24.0,1.0,0.0,0.0,0.0,0.0,0.0,0.0,0.0
4,1,চৌদ্দগ্রাম,16.0,0.0,0.0,0.0,0.0,0.0,0.0,0.0,14.0,0.0,0.0,0.0,2.0,0.0,0.0,0.0,0.0
5,1,দাউদকান্দি,32.0,0.0,0.0,0.0,0.0,0.0,1.0,1.0,22.0,4.0,0.0,4.0,0.0,0.0,0.0,0.0,0.0
6,1,হোমনা,25.0,0.0,0.0,0.0,0.0,0.0,0.0,1.0,22.0,2.0,0.0,0.0,0.0,0.0,0.0,0.0,0.0
7,1,লাকসাম,39.0,0.0,0.0,0.0,0.0,0.0,0.0,0.0,34.0,3.0,2.0,0.0,0.0,0.0,0.0,0.0,0.0
8,1,মুরাদনগর,46.0,0.0,0.0,0.0,0.0,0.0,0.0,0.0,33.0,13.0,0.0,0.0,0.0,0.0,0.0,0.0,0.0
9,1,নাঙ্গলকোট,8.0,0.0,0.0,0.0,0.0,0.0,0.0,1.0,7.0,0.0,0.0,0.0,0.0,0.0,0.0,0.0,0.0
10,1,কুমিল্লা সদর,91.0,0.0,0.0,0.0,0.0,0.0,0.0,8.0,76.0,3.0,1.0,3.0,0.0,1.0,0.0,1.0,0.0
11,1,মেঘনা,40.0,0.0,0.0,0.0,0.0,0.0,1.0,0.0,18.0,4.0,15.0,2.0,0.0,0.0,0.0,0.0,0.0
12,1,মনোহরগঞ্জ,10.0,0.0,0.0,0.0,0.0,0.0,0.0,1.0,7.0,2.0,0.0,0.0,0.0,0.0,0.0,0.0,0.0
13,1,সদর দক্ষিণ,201.0,1.0,0.0,0.0,5.0,0.0,0.0,5.0,137.0,46.0,5.0,2.0,0.0,1.0,0.0,1.0,0.0
14,1,তিতাস,45.0,0.0,1.0,0.0,0.0,0.0,0.0,2.0,34.0,7.0,0.0,1.0,0.0,1.0,1.0,0.0,0.0
15,1,বুড়িচং,5.0,0.0,0.0,0.0,0.0,0.0,0.0,0.0,5.0,0.0,0.0,0.0,0.0,0.0,0.0,0.0,0.0
16,1,লালমাই,5.0,0.0,0.0,0.0,0.0,0.0,0.0,1.0,4.0,0.0,0.0,0.0,0.0,0.0,0.0,0.0,0.0
17,2,ছাগলনাইয়া,4.0,0.0,0.0,0.0,0.0,0.0,0.0,0.0,4.0,0.0,0.0,0.0,0.0,0.0,0.0,0.0,0.0
18,2,ফেনী সদর,27.0,0.0,0.0,0.0,0.0,0.0,0.0,4.0,20.0,3.0,0.0,0.0,0.0,0.0,0.0,0.0,0.0
19,2,সোনাগাজী,15.0,0.0,0.0,0.0,0.0,0.0,0.0,0.0,7.0,4.0,0.0,0.0,4.0,0.0,0.0,0.0,0.0
20,2,ফুলগাজী,1.0,0.0,0.0,0.0,0.0,0.0,0.0,0.0,1.0,0.0,0.0,0.0,0.0,0.0,0.0,0.0,0.0
21,2,পরশুরাম,5.0,0.0,0.0,0.0,0.0,0.0,0.0,0.0,2.0,3.0,0.0,0.0,0.0,0.0,0.0,0.0,0.0
22,2,দাগনভূঞা,3.0,0.0,0.0,0.0,0.0,0.0,0.0,0.0,1.0,0.0,2.0,0.0,0.0,0.0,0.0,0.0,0.0
23,3,ব্রাহ্মণবাড়িয়া সদর,61.0,0.0,0.0,0.0,0.0,0.0,0.0,5.0,51.0,5.0,0.0,0.0,0.0,0.0,0.0,0.0,0.0
24,3,কসবা,20.0,0.0,0.0,0.0,0.0,0.0,0.0,1.0,14.0,0.0,0.0,1.0,4.0,0.0,0.0,0.0,0.0
25,3,নাসিরনগর,40.0,1.0,0.0,0.0,0.0,0.0,0.0,2.0,25.0,9.0,0.0,3.0,0.0,0.0,0.0,0.0,0.0
26,3,সরাইল,15.0,0.0,0.0,0.0,0.0,0.0,0.0,0.0,10.0,5.0,0.0,0.0,0.0,0.0,0.0,0.0,0.0
27,3,আশুগঞ্জ,44.0,0.0,0.0,0.0,0.0,0.0,0.0,0.0,3.0,41.0,0.0,0.0,0.0,0.0,0.0,0.0,0.0
28,3,আখাউড়া,15.0,0.0,0.0,0.0,0.0,0.0,0.0,0.0,15.0,0.0,0.0,0.0,0.0,0.0,0.0,0.0,0.0
29,3,নবীনগর,10.0,0.0,0.0,0.0,0.0,0.0,0.0,0.0,5.0,3.0,2.0,0.0,0.0,0.0,0.0,0.0,0.0
30,3,বাঞ্ছারামপুর,2.0,0.0,0.0,0.0,0.0,0.0,0.0,0.0,2.0,0.0,0.0,0.0,0.0,0.0,0.0,0.0,0.0
31,3,বিজয়নগর,7.0,0.0,0.0,0.0,0.0,0.0,0.0,1.0,5.0,0.0,1.0,0.0,0.0,0.0,0.0,0.0,0.0
32,4,রাঙ্গামাটি সদর,12.0,0.0,0.0,0.0,0.0,0.0,0.0,3.0,9.0,0.0,0.0,0.0,0.0,0.0,0.0,0.0,0.0
33,4,কাপ্তাই,29.0,0.0,0.0,0.0,0.0,0.0,0.0,0.0,27.0,1.0,0.0,0.0,1.0,0.0,0.0,0.0,0.0
34,4,কাউখালী,24.0,0.0,0.0,0.0,0.0,0.0,0.0,4.0,16.0,2.0,0.0,2.0,0.0,0.0,0.0,0.0,0.0
35,4,বাঘাইছড়ি,3.0,0.0,0.0,0.0,0.0,0.0,0.0,0.0,3.0,0.0,0.0,0.0,0.0,0.0,0.0,0.0,0.0
36,4,বরকল,3.0,0.0,0.0,0.0,0.0,0.0,0.0,0.0,3.0,0.0,0.0,0.0,0.0,0.0,0.0,0.0,0.0
37,4,লংগদু,5.0,0.0,0.0,0.0,0.0,0.0,0.0,0.0,5.0,0.0,0.0,0.0,0.0,0.0,0.0,0.0,0.0
38,4,রাজস্থলী,1.0,0.0,0.0,0.0,0.0,0.0,0.0,0.0,1.0,0.0,0.0,0.0,0.0,0.0,0.0,0.0,0.0
39,4,বিলাইছড়ি,3.0,0.0,0.0,0.0,0.0,0.0,0.0,0.0,3.0,0.0,0.0,0.0,0.0,0.0,0.0,0.0,0.0
40,4,জুরাছড়ি,1.0,0.0,0.0,0.0,0.0,0.0,0.0,0.0,1.0,0.0,0.0,0.0,0.0,0.0,0.0,0.0,0.0
41,4,নানিয়ারচর,3.0,0.0,0.0,0.0,0.0,0.0,0.0,2.0,1.0,0.0,0.0,0.0,0.0,0.0,0.0,0.0,0.0
42,5,নোয়াখালী সদর,66.0,0.0,0.0,0.0,0.0,0.0,0.0,1.0,60.0,2.0,3.0,0.0,0.0,0.0,0.0,0.0,0.0
43,5,কোম্পানীগঞ্জ,38.0,0.0,0.0,0.0,0.0,0.0,0.0,0.0,31.0,7.0,0.0,0.0,0.0,0.0,0.0,0.0,0.0
44,5,বেগমগঞ্জ,34.0,0.0,0.0,0.0,0.0,0.0,0.0,0.0,32.0,0.0,2.0,0.0,0.0,0.0,0.0,0.0,0.0
45,5,হাতিয়া,7.0,0.0,0.0,0.0,0.0,0.0,0.0,1.0,6.0,0.0,0.0,0.0,0.0,0.0,0.0,0.0,0.0
46,5,সুবর্ণচর,16.0,0.0,0.0,0.0,0.0,0.0,0.0,0.0,15.0,1.0,0.0,0.0,0.0,0.0,0.0,0.0,0.0
47,5,কবিরহাট,1.0,0.0,0.0,0.0,0.0,0.0,0.0,0.0,1.0,0.0,0.0,0.0,0.0,0.0,0.0,0.0,0.0
48,5,সেনবাগ,10.0,0.0,0.0,0.0,0.0,0.0,0.0,0.0,9.0,1.0,0.0,0.0,0.0,0.0,0.0,0.0,0.0
49,5,চাটখিল,3.0,0.0,0.0,0.0,0.0,0.0,0.0,0.0,1.0,2.0,0.0,0.0,0.0,0.0,0.0,0.0,0.0
50,5,সোনাইমুড়ী,0.0,0.0,0.0,0.0,0.0,0.0,0.0,0.0,0.0,0.0,0.0,0.0,0.0,0.0,0.0,0.0,0.0
51,6,হাইমচর,14.0,0.0,0.0,1.0,0.0,0.0,0.0,0.0,10.0,3.0,0.0,0.0,0.0,0.0,0.0,0.0,0.0
52,6,কচুয়া,33.0,0.0,0.0,0.0,0.0,0.0,0.0,2.0,18.0,1.0,2.0,9.0,1.0,0.0,0.0,0.0,0.0
53,6,শাহরাস্তি	,29.0,0.0,0.0,0.0,0.0,0.0,0.0,0.0,26.0,3.0,0.0,0.0,0.0,0.0,0.0,0.0,0.0
54,6,চাঁদপুর সদর,179.0,0.0,2.0,2.0,0.0,1.0,0.0,11.0,135.0,17.0,11.0,0.0,0.0,0.0,0.0,0.0,0.0
55,6,মতলব দক্ষিণ,45.0,0.0,0.0,0.0,1.0,0.0,0.0,0.0,37.0,5.0,1.0,1.0,0.0,0.0,0.0,0.0,0.0
56,6,হাজীগঞ্জ,74.0,1.0,0.0,0.0,0.0,0.0,0.0,1.0,60.0,4.0,2.0,6.0,0.0,0.0,0.0,0.0,0.0
57,6,মতলব উত্তর,46.0,0.0,0.0,0.0,0.0,0.0,0.0,0.0,40.0,5.0,0.0,1.0,0.0,0.0,0.0,0.0,0.0
58,6,ফরিদগঞ্জ,21.0,0.0,0.0,0.0,0.0,0.0,1.0,0.0,18.0,0.0,1.0,1.0,0.0,0.0,0.0,0.0,0.0
59,7,লক্ষ্মীপুর সদর,64.0,0.0,0.0,0.0,0.0,0.0,0.0,8.0,43.0,4.0,6.0,3.0,0.0,0.0,0.0,0.0,0.0
60,7,কমলনগর,17.0,0.0,0.0,0.0,0.0,0.0,0.0,0.0,17.0,0.0,0.0,0.0,0.0,0.0,0.0,0.0,0.0
61,7,রায়পুর,19.0,0.0,0.0,0.0,0.0,0.0,0.0,1.0,13.0,1.0,1.0,3.0,0.0,0.0,0.0,0.0,0.0
62,7,রামগতি,5.0,0.0,0.0,0.0,0.0,0.0,0.0,0.0,3.0,1.0,0.0,1.0,0.0,0.0,0.0,0.0,0.0
63,7,রামগঞ্জ,16.0,0.0,0.0,0.0,0.0,0.0,0.0,1.0,15.0,0.0,0.0,0.0,0.0,0.0,0.0,0.0,0.0
64,8,রাঙ্গুনিয়া,29.0,0.0,0.0,0.0,0.0,0.0,0.0,0.0,27.0,1.0,0.0,1.0,0.0,0.0,0.0,0.0,0.0
65,8,সীতাকুন্ড,4.0,0.0,0.0,0.0,0.0,0.0,0.0,0.0,1.0,2.0,1.0,0.0,0.0,0.0,0.0,0.0,0.0
66,8,মীরসরাই,0.0,0.0,0.0,0.0,0.0,0.0,0.0,0.0,0.0,0.0,0.0,0.0,0.0,0.0,0.0,0.0,0.0
67,8,পটিয়া,21.0,0.0,0.0,0.0,0.0,0.0,0.0,0.0,15.0,5.0,1.0,0.0,0.0,0.0,0.0,0.0,0.0
68,8,সন্দ্বীপ,5.0,0.0,0.0,0.0,0.0,0.0,0.0,0.0,1.0,3.0,1.0,0.0,0.0,0.0,0.0,0.0,0.0
69,8,বাঁশখালী,19.0,0.0,0.0,0.0,0.0,0.0,0.0,0.0,13.0,4.0,0.0,2.0,0.0,0.0,0.0,0.0,0.0
70,8,বোয়ালখালী,28.0,0.0,1.0,0.0,0.0,0.0,0.0,1.0,20.0,6.0,0.0,0.0,0.0,0.0,0.0,0.0,0.0
71,8,আনোয়ারা,80.0,0.0,0.0,0.0,0.0,0.0,0.0,0.0,44.0,35.0,1.0,0.0,0.0,1.0,0.0,1.0,0.0
72,8,চন্দনাইশ,40.0,0.0,0.0,0.0,0.0,0.0,0.0,0.0,15.0,23.0,1.0,1.0,0.0,0.0,0.0,0.0,0.0
73,8,সাতকানিয়া,25.0,0.0,0.0,0.0,0.0,0.0,0.0,1.0,17.0,2.0,0.0,4.0,1.0,0.0,0.0,0.0,0.0
74,8,লোহাগাড়া,26.0,0.0,0.0,0.0,0.0,0.0,0.0,2.0,21.0,3.0,0.0,0.0,0.0,0.0,0.0,0.0,0.0
75,8,হাটহাজারী,26.0,1.0,0.0,0.0,0.0,0.0,0.0,0.0,22.0,2.0,1.0,0.0,0.0,3.0,0.0,0.0,3.0
76,8,ফটিকছড়ি,14.0,1.0,0.0,0.0,0.0,0.0,0.0,0.0,11.0,2.0,0.0,0.0,0.0,0.0,0.0,0.0,0.0
77,8,রাউজান,18.0,0.0,0.0,0.0,0.0,0.0,0.0,0.0,16.0,2.0,0.0,0.0,0.0,0.0,0.0,0.0,0.0
78,8,কর্ণফুলী,37.0,0.0,0.0,0.0,0.0,0.0,0.0,1.0,24.0,5.0,1.0,4.0,2.0,1.0,1.0,0.0,0.0
79,9,কক্সবাজার সদর,57.0,0.0,0.0,0.0,0.0,0.0,0.0,7.0,38.0,11.0,0.0,1.0,0.0,0.0,0.0,0.0,0.0
80,9,চকরিয়া,48.0,0.0,2.0,1.0,0.0,1.0,0.0,0.0,37.0,6.0,0.0,0.0,1.0,0.0,0.0,0.0,0.0
81,9,কুতুবদিয়া,3.0,0.0,0.0,0.0,0.0,0.0,0.0,0.0,3.0,0.0,0.0,0.0,0.0,0.0,0.0,0.0,0.0
82,9,উখিয়া,30.0,0.0,0.0,0.0,0.0,0.0,0.0,0.0,23.0,6.0,1.0,0.0,0.0,0.0,0.0,0.0,0.0
83,9,মহেশখালী,21.0,0.0,0.0,0.0,0.0,0.0,0.0,0.0,16.0,5.0,0.0,0.0,0.0,0.0,0.0,0.0,0.0
84,9,পেকুয়া,8.0,0.0,0.0,0.0,0.0,0.0,0.0,0.0,8.0,0.0,0.0,0.0,0.0,0.0,0.0,0.0,0.0
85,9,রামু,29.0,0.0,0.0,0.0,0.0,0.0,0.0,1.0,11.0,10.0,1.0,5.0,1.0,0.0,0.0,0.0,0.0
86,9,টেকনাফ,67.0,0.0,0.0,0.0,0.0,0.0,0.0,1.0,45.0,15.0,1.0,5.0,0.0,0.0,0.0,0.0,0.0
87,10,খাগড়াছড়ি সদর,47.0,0.0,0.0,0.0,0.0,0.0,0.0,6.0,35.0,6.0,0.0,0.0,0.0,0.0,0.0,0.0,0.0
88,10,দিঘীনালা,0.0,0.0,0.0,0.0,0.0,0.0,0.0,0.0,0.0,0.0,0.0,0.0,0.0,0.0,0.0,0.0,0.0
89,10,পানছড়ি,4.0,0.0,0.0,0.0,0.0,0.0,0.0,0.0,2.0,2.0,0.0,0.0,0.0,0.0,0.0,0.0,0.0
90,10,লক্ষীছড়ি,0.0,0.0,0.0,0.0,0.0,0.0,0.0,0.0,0.0,0.0,0.0,0.0,0.0,0.0,0.0,0.0,0.0
91,10,মহালছড়ি,4.0,0.0,0.0,0.0,0.0,0.0,0.0,0.0,3.0,1.0,0.0,0.0,0.0,0.0,0.0,0.0,0.0
92,10,মানিকছড়ি,3.0,0.0,0.0,0.0,0.0,0.0,0.0,0.0,2.0,1.0,0.0,0.0,0.0,0.0,0.0,0.0,0.0
93,10,রামগড়,5.0,0.0,0.0,0.0,0.0,0.0,0.0,0.0,3.0,2.0,0.0,0.0,0.0,0.0,0.0,0.0,0.0
94,10,মাটিরাঙ্গা,5.0,0.0,0.0,0.0,0.0,0.0,0.0,0.0,5.0,0.0,0.0,0.0,0.0,0.0,0.0,0.0,0.0
95,10,গুইমারা,3.0,0.0,0.0,0.0,0.0,0.0,0.0,0.0,3.0,0.0,0.0,0.0,0.0,0.0,0.0,0.0,0.0
96,11,বান্দরবান সদর,50.0,1.0,0.0,0.0,0.0,0.0,0.0,2.0,22.0,23.0,0.0,0.0,2.0,0.0,0.0,0.0,0.0
97,11,আলীকদম,5.0,0.0,0.0,0.0,0.0,0.0,0.0,0.0,1.0,0.0,0.0,4.0,0.0,0.0,0.0,0.0,0.0
98,11,নাইক্ষ্যংছড়ি,3.0,0.0,0.0,0.0,0.0,0.0,0.0,1.0,2.0,0.0,0.0,0.0,0.0,0.0,0.0,0.0,0.0
99,11,রোয়াংছড়ি,2.0,0.0,0.0,0.0,0.0,0.0,0.0,0.0,1.0,1.0,0.0,0.0,0.0,0.0,0.0,0.0,0.0
100,11,লামা,24.0,0.0,0.0,0.0,0.0,0.0,1.0,0.0,13.0,7.0,0.0,3.0,0.0,0.0,0.0,0.0,0.0
101,11,রুমা,92.0,0.0,0.0,0.0,0.0,0.0,0.0,2.0,29.0,52.0,9.0,0.0,0.0,0.0,0.0,0.0,0.0
102,11,থানচি,0.0,0.0,0.0,0.0,0.0,0.0,0.0,0.0,0.0,0.0,0.0,0.0,0.0,0.0,0.0,0.0,0.0
103,12,বেলকুচি,10.0,0.0,0.0,0.0,0.0,0.0,0.0,0.0,9.0,0.0,1.0,0.0,0.0,0.0,0.0,0.0,0.0
104,12,চৌহালি,1.0,1.0,0.0,0.0,0.0,0.0,0.0,0.0,0.0,0.0,0.0,0.0,0.0,0.0,0.0,0.0,0.0
105,12,কামারখন্দ,59.0,0.0,0.0,0.0,0.0,0.0,0.0,0.0,44.0,15.0,0.0,0.0,0.0,0.0,0.0,0.0,0.0
106,12,কাজীপুর,12.0,0.0,0.0,0.0,0.0,0.0,0.0,0.0,11.0,1.0,0.0,0.0,0.0,0.0,0.0,0.0,0.0
107,12,রায়গঞ্জ,14.0,0.0,0.0,0.0,0.0,0.0,0.0,1.0,11.0,1.0,0.0,1.0,0.0,0.0,0.0,0.0,0.0
108,12,শাহজাদপুর,30.0,0.0,0.0,0.0,0.0,0.0,0.0,0.0,30.0,0.0,0.0,0.0,0.0,0.0,0.0,0.0,0.0
109,12,সিরাজগঞ্জ সদর,110.0,0.0,0.0,0.0,0.0,0.0,0.0,5.0,85.0,18.0,2.0,0.0,0.0,0.0,0.0,0.0,0.0
110,12,তাড়াশ,8.0,0.0,0.0,0.0,0.0,0.0,0.0,0.0,4.0,4.0,0.0,0.0,0.0,0.0,0.0,0.0,0.0
111,12,উল্লাপাড়া,14.0,0.0,0.0,0.0,0.0,0.0,0.0,0.0,10.0,0.0,2.0,0.0,2.0,0.0,0.0,0.0,0.0
112,13,সুজানগর,14.0,1.0,0.0,0.0,0.0,0.0,0.0,0.0,5.0,5.0,3.0,0.0,0.0,0.0,0.0,0.0,0.0
113,13,ঈশ্বরদী,34.0,0.0,0.0,0.0,0.0,0.0,0.0,1.0,24.0,5.0,4.0,0.0,0.0,0.0,0.0,0.0,0.0
114,13,ভাঙ্গুড়া,26.0,0.0,0.0,0.0,0.0,0.0,0.0,0.0,9.0,17.0,0.0,0.0,0.0,0.0,0.0,0.0,0.0
115,13,পাবনা সদর,104.0,0.0,0.0,0.0,0.0,0.0,0.0,7.0,83.0,13.0,1.0,0.0,0.0,0.0,0.0,0.0,0.0
116,13,বেড়া,97.0,1.0,4.0,1.0,0.0,2.0,1.0,2.0,65.0,13.0,5.0,3.0,0.0,0.0,0.0,0.0,0.0
117,13,আটঘরিয়া,8.0,0.0,0.0,0.0,0.0,0.0,0.0,0.0,7.0,0.0,1.0,0.0,0.0,0.0,0.0,0.0,0.0
118,13,চাটমোহর,30.0,0.0,0.0,0.0,0.0,0.0,0.0,2.0,22.0,5.0,1.0,0.0,0.0,0.0,0.0,0.0,0.0
119,13,সাঁথিয়া,50.0,0.0,0.0,0.0,0.0,0.0,0.0,0.0,33.0,17.0,0.0,0.0,0.0,0.0,0.0,0.0,0.0
120,13,ফরিদপুর,971.0,1.0,0.0,0.0,0.0,0.0,1.0,21.0,720.0,171.0,43.0,11.0,3.0,1.0,1.0,0.0,0.0
121,14,কাহালু,16.0,0.0,0.0,0.0,0.0,0.0,0.0,0.0,6.0,4.0,3.0,1.0,2.0,0.0,0.0,0.0,0.0
122,14,বগুড়া সদর,83.0,0.0,0.0,0.0,0.0,0.0,0.0,9.0,59.0,12.0,3.0,0.0,0.0,0.0,0.0,0.0,0.0
123,14,সারিয়াকান্দি,8.0,0.0,0.0,0.0,0.0,0.0,0.0,0.0,6.0,2.0,0.0,0.0,0.0,0.0,0.0,0.0,0.0
124,14,শাজাহানপুর,19.0,0.0,0.0,0.0,0.0,0.0,0.0,0.0,16.0,1.0,0.0,2.0,0.0,2.0,0.0,2.0,0.0
125,14,দুপচাচিঁয়া,0.0,0.0,0.0,0.0,0.0,0.0,0.0,0.0,0.0,0.0,0.0,0.0,0.0,0.0,0.0,0.0,0.0
126,14,আদমদিঘি,4.0,0.0,0.0,0.0,0.0,0.0,0.0,0.0,4.0,0.0,0.0,0.0,0.0,0.0,0.0,0.0,0.0
127,14,নন্দিগ্রাম,12.0,0.0,0.0,0.0,0.0,0.0,0.0,1.0,9.0,1.0,0.0,0.0,1.0,1.0,0.0,0.0,1.0
128,14,সোনাতলা,18.0,0.0,0.0,0.0,0.0,0.0,0.0,1.0,16.0,1.0,0.0,0.0,0.0,0.0,0.0,0.0,0.0
129,14,ধুনট,19.0,0.0,0.0,0.0,0.0,0.0,0.0,0.0,17.0,1.0,0.0,1.0,0.0,0.0,0.0,0.0,0.0
130,14,গাবতলী,259.0,2.0,1.0,0.0,0.0,0.0,2.0,1.0,209.0,33.0,4.0,1.0,6.0,0.0,0.0,0.0,0.0
131,14,শেরপুর,179.0,0.0,0.0,0.0,0.0,0.0,0.0,10.0,138.0,25.0,2.0,3.0,1.0,1.0,1.0,0.0,0.0
132,14,শিবগঞ্জ,27.0,0.0,0.0,0.0,0.0,0.0,0.0,0.0,21.0,3.0,3.0,0.0,0.0,0.0,0.0,0.0,0.0
133,15,পবা,35.0,0.0,0.0,0.0,0.0,0.0,0.0,0.0,7.0,23.0,2.0,0.0,3.0,1.0,0.0,1.0,0.0
134,15,দুর্গাপুর,63.0,0.0,0.0,0.0,0.0,0.0,0.0,0.0,54.0,4.0,4.0,1.0,0.0,0.0,0.0,0.0,0.0
135,15,মোহনপুর,8.0,0.0,0.0,0.0,0.0,0.0,0.0,2.0,6.0,0.0,0.0,0.0,0.0,0.0,0.0,0.0,0.0
136,15,চারঘাট,10.0,0.0,0.0,0.0,0.0,0.0,0.0,1.0,2.0,5.0,2.0,0.0,0.0,0.0,0.0,0.0,0.0
137,15,পুঠিয়া,37.0,0.0,0.0,0.0,0.0,0.0,0.0,0.0,6.0,31.0,0.0,0.0,0.0,0.0,0.0,0.0,0.0
138,15,বাঘা,27.0,0.0,0.0,0.0,0.0,0.0,0.0,2.0,12.0,7.0,2.0,1.0,3.0,0.0,0.0,0.0,0.0
139,15,গোদাগাড়ী,10.0,0.0,0.0,0.0,0.0,0.0,0.0,0.0,4.0,4.0,2.0,0.0,0.0,0.0,0.0,0.0,0.0
140,15,তানোর,7.0,0.0,0.0,0.0,0.0,0.0,0.0,1.0,5.0,0.0,1.0,0.0,0.0,0.0,0.0,0.0,0.0
141,15,বাগমারা,15.0,0.0,2.0,1.0,0.0,0.0,0.0,0.0,11.0,0.0,0.0,0.0,1.0,0.0,0.0,0.0,0.0
142,16,নাটোর সদর,45.0,0.0,0.0,0.0,0.0,0.0,0.0,3.0,40.0,2.0,0.0,0.0,0.0,0.0,0.0,0.0,0.0
143,16,সিংড়া,8.0,0.0,0.0,0.0,0.0,0.0,0.0,2.0,6.0,0.0,0.0,0.0,0.0,0.0,0.0,0.0,0.0
144,16,বড়াইগ্রাম,32.0,0.0,0.0,0.0,0.0,0.0,0.0,2.0,25.0,5.0,0.0,0.0,0.0,0.0,0.0,0.0,0.0
145,16,বাগাতিপাড়া,3.0,0.0,0.0,0.0,0.0,0.0,0.0,2.0,1.0,0.0,0.0,0.0,0.0,0.0,0.0,0.0,0.0
146,16,লালপুর,6.0,0.0,0.0,0.0,0.0,0.0,0.0,3.0,2.0,0.0,1.0,0.0,0.0,0.0,0.0,0.0,0.0
147,16,গুরুদাসপুর,14.0,0.0,0.0,0.0,0.0,0.0,0.0,2.0,6.0,5.0,0.0,1.0,0.0,2.0,0.0,2.0,0.0
148,16,নলডাঙ্গা,2.0,0.0,0.0,0.0,0.0,0.0,0.0,1.0,1.0,0.0,0.0,0.0,0.0,0.0,0.0,0.0,0.0
149,17,আক্কেলপুর,7.0,0.0,0.0,0.0,0.0,0.0,0.0,1.0,6.0,0.0,0.0,0.0,0.0,0.0,0.0,0.0,0.0
150,17,কালাই,2.0,0.0,0.0,0.0,0.0,0.0,0.0,0.0,1.0,0.0,1.0,0.0,0.0,0.0,0.0,0.0,0.0
151,17,ক্ষেতলাল,2.0,0.0,0.0,0.0,0.0,0.0,0.0,0.0,2.0,0.0,0.0,0.0,0.0,0.0,0.0,0.0,0.0
152,17,পাঁচবিবি,1.0,0.0,0.0,0.0,0.0,0.0,0.0,0.0,1.0,0.0,0.0,0.0,0.0,0.0,0.0,0.0,0.0
153,17,জয়পুরহাট সদর,14.0,0.0,0.0,0.0,0.0,0.0,0.0,1.0,7.0,3.0,3.0,0.0,0.0,0.0,0.0,0.0,0.0
154,18,চাঁপাইনবাবগঞ্জ সদর,69.0,1.0,0.0,0.0,0.0,0.0,0.0,4.0,44.0,13.0,7.0,0.0,0.0,0.0,0.0,0.0,0.0
155,18,গোমস্তাপুর,1.0,0.0,0.0,0.0,0.0,0.0,0.0,0.0,1.0,0.0,0.0,0.0,0.0,0.0,0.0,0.0,0.0
156,18,নাচোল,5.0,1.0,0.0,0.0,0.0,0.0,0.0,0.0,3.0,0.0,0.0,0.0,1.0,0.0,0.0,0.0,0.0
157,18,ভোলাহাট,1.0,0.0,0.0,0.0,0.0,0.0,0.0,0.0,1.0,0.0,0.0,0.0,0.0,0.0,0.0,0.0,0.0
158,18,শিবগঞ্জ,27.0,0.0,0.0,0.0,0.0,0.0,0.0,0.0,21.0,3.0,3.0,0.0,0.0,0.0,0.0,0.0,0.0
159,19,মহাদেবপুর,8.0,0.0,0.0,0.0,0.0,0.0,0.0,0.0,8.0,0.0,0.0,0.0,0.0,0.0,0.0,0.0,0.0
160,19,বদলগাছী,17.0,0.0,0.0,0.0,0.0,0.0,0.0,0.0,17.0,0.0,0.0,0.0,0.0,0.0,0.0,0.0,0.0
161,19,পত্নিতলা,0.0,0.0,0.0,0.0,0.0,0.0,0.0,0.0,0.0,0.0,0.0,0.0,0.0,0.0,0.0,0.0,0.0
162,19,ধামইরহাট,4.0,0.0,0.0,0.0,0.0,0.0,0.0,0.0,3.0,1.0,0.0,0.0,0.0,0.0,0.0,0.0,0.0
163,19,নিয়ামতপুর,6.0,0.0,0.0,0.0,0.0,0.0,0.0,0.0,4.0,2.0,0.0,0.0,0.0,0.0,0.0,0.0,0.0
164,19,মান্দা,3.0,0.0,0.0,0.0,0.0,0.0,0.0,0.0,3.0,0.0,0.0,0.0,0.0,0.0,0.0,0.0,0.0
165,19,আত্রাই,15.0,0.0,0.0,0.0,0.0,0.0,0.0,1.0,14.0,0.0,0.0,0.0,0.0,0.0,0.0,0.0,0.0
166,19,রাণীনগর,4.0,0.0,0.0,0.0,0.0,0.0,0.0,0.0,0.0,3.0,0.0,0.0,1.0,0.0,0.0,0.0,0.0
167,19,নওগাঁ সদর,54.0,0.0,1.0,0.0,0.0,0.0,0.0,3.0,37.0,8.0,5.0,0.0,0.0,0.0,0.0,0.0,0.0
168,19,পোরশা,11.0,0.0,0.0,0.0,0.0,0.0,0.0,0.0,7.0,4.0,0.0,0.0,0.0,0.0,0.0,0.0,0.0
169,19,সাপাহার,13.0,0.0,0.0,0.0,0.0,0.0,0.0,0.0,8.0,4.0,0.0,0.0,1.0,0.0,0.0,0.0,0.0
170,20,মণিরামপুর,89.0,0.0,4.0,0.0,0.0,0.0,0.0,0.0,31.0,52.0,0.0,2.0,0.0,0.0,0.0,0.0,0.0
171,20,অভয়নগর,56.0,0.0,0.0,0.0,0.0,0.0,0.0,0.0,5.0,46.0,5.0,0.0,0.0,0.0,0.0,0.0,0.0
172,20,বাঘারপাড়া,69.0,0.0,0.0,0.0,0.0,0.0,0.0,0.0,15.0,52.0,2.0,0.0,0.0,0.0,0.0,0.0,0.0
173,20,চৌগাছা,130.0,0.0,0.0,0.0,0.0,0.0,0.0,1.0,31.0,80.0,18.0,0.0,0.0,0.0,0.0,0.0,0.0
174,20,ঝিকরগাছা,44.0,0.0,0.0,0.0,0.0,0.0,0.0,0.0,3.0,39.0,0.0,2.0,0.0,0.0,0.0,0.0,0.0
175,20,কেশবপুর,118.0,0.0,0.0,0.0,0.0,0.0,0.0,0.0,37.0,46.0,29.0,6.0,0.0,0.0,0.0,0.0,0.0
176,20,যশোর সদর,194.0,0.0,0.0,0.0,0.0,0.0,0.0,5.0,110.0,68.0,11.0,0.0,0.0,0.0,0.0,0.0,0.0
177,20,শার্শা,38.0,0.0,0.0,0.0,0.0,0.0,0.0,0.0,19.0,19.0,0.0,0.0,0.0,0.0,0.0,0.0,0.0
178,21,আশাশুনি,21.0,0.0,0.0,0.0,0.0,0.0,0.0,0.0,13.0,7.0,1.0,0.0,0.0,0.0,0.0,0.0,0.0
179,21,দেবহাটা,32.0,0.0,0.0,0.0,0.0,0.0,0.0,0.0,18.0,12.0,2.0,0.0,0.0,0.0,0.0,0.0,0.0
180,21,কলারোয়া,84.0,0.0,0.0,0.0,0.0,0.0,0.0,1.0,22.0,57.0,3.0,1.0,0.0,0.0,0.0,0.0,0.0
181,21,সাতক্ষীরা সদর,385.0,0.0,0.0,0.0,0.0,0.0,0.0,5.0,278.0,97.0,3.0,2.0,0.0,0.0,0.0,0.0,0.0
182,21,শ্যামনগর,70.0,0.0,0.0,0.0,0.0,0.0,0.0,0.0,16.0,50.0,2.0,2.0,0.0,0.0,0.0,0.0,0.0
183,21,তালা,211.0,1.0,1.0,0.0,0.0,0.0,3.0,0.0,81.0,101.0,13.0,11.0,0.0,0.0,0.0,0.0,0.0
184,21,কালিগঞ্জ,116.0,0.0,0.0,0.0,0.0,0.0,0.0,1.0,86.0,26.0,3.0,0.0,0.0,0.0,0.0,0.0,0.0
185,22,মুজিবনগর,20.0,0.0,0.0,0.0,0.0,0.0,0.0,0.0,12.0,6.0,2.0,0.0,0.0,0.0,0.0,0.0,0.0
186,22,মেহেরপুর সদর,24.0,0.0,0.0,0.0,0.0,0.0,0.0,2.0,9.0,9.0,3.0,1.0,0.0,0.0,0.0,0.0,0.0
187,22,গাংনী,50.0,0.0,0.0,0.0,0.0,0.0,0.0,1.0,22.0,23.0,4.0,0.0,0.0,0.0,0.0,0.0,0.0
188,23,নড়াইল সদর,129.0,0.0,0.0,0.0,0.0,0.0,0.0,6.0,100.0,19.0,0.0,4.0,0.0,0.0,0.0,0.0,0.0
189,23,লোহাগড়া,65.0,0.0,0.0,0.0,0.0,0.0,0.0,2.0,49.0,11.0,0.0,3.0,0.0,0.0,0.0,0.0,0.0
190,23,কালিয়া,14.0,1.0,0.0,0.0,0.0,0.0,0.0,0.0,6.0,7.0,0.0,0.0,0.0,0.0,0.0,0.0,0.0
191,24,চুয়াডাঙ্গা সদর,62.0,0.0,0.0,0.0,0.0,0.0,0.0,5.0,40.0,17.0,0.0,0.0,0.0,0.0,0.0,0.0,0.0
192,24,আলমডাঙ্গা,20.0,0.0,0.0,0.0,0.0,0.0,0.0,0.0,15.0,5.0,0.0,0.0,0.0,0.0,0.0,0.0,0.0
193,24,দামুড়হুদা,3.0,0.0,0.0,0.0,0.0,0.0,0.0,0.0,3.0,0.0,0.0,0.0,0.0,0.0,0.0,0.0,0.0
194,24,জীবননগর,6.0,0.0,0.0,0.0,0.0,0.0,0.0,0.0,2.0,4.0,0.0,0.0,0.0,0.0,0.0,0.0,0.0
195,25,কুষ্টিয়া সদর,92.0,0.0,0.0,0.0,0.0,0.0,0.0,5.0,50.0,32.0,5.0,0.0,0.0,0.0,0.0,0.0,0.0
196,25,কুমারখালী,36.0,0.0,0.0,0.0,0.0,0.0,0.0,0.0,6.0,8.0,22.0,0.0,0.0,0.0,0.0,0.0,0.0
197,25,খোকসা,6.0,0.0,0.0,0.0,0.0,0.0,0.0,0.0,2.0,2.0,2.0,0.0,0.0,0.0,0.0,0.0,0.0
198,25,মিরপুর,694.0,5.0,6.0,1.0,3.0,1.0,21.0,24.0,483.0,93.0,38.0,6.0,13.0,19.0,13.0,1.0,5.0
199,25,দৌলতপুর,225.0,0.0,0.0,0.0,0.0,0.0,0.0,0.0,62.0,133.0,29.0,0.0,0.0,0.0,0.0,0.0,0.0
200,25,ভেড়ামারা,151.0,0.0,0.0,0.0,0.0,0.0,0.0,0.0,4.0,139.0,8.0,0.0,0.0,0.0,0.0,0.0,0.0
201,26,শালিখা,39.0,0.0,0.0,0.0,0.0,0.0,0.0,0.0,1.0,38.0,0.0,0.0,0.0,0.0,0.0,0.0,0.0
202,26,শ্রীপুর,48.0,0.0,0.0,0.0,0.0,0.0,0.0,0.0,28.0,2.0,17.0,0.0,1.0,0.0,0.0,0.0,0.0
203,26,মাগুরা সদর,136.0,0.0,0.0,0.0,0.0,0.0,0.0,2.0,109.0,21.0,4.0,0.0,0.0,1.0,1.0,0.0,0.0
204,26,মহম্মদপুর,15.0,0.0,0.0,0.0,0.0,0.0,0.0,0.0,13.0,0.0,2.0,0.0,0.0,0.0,0.0,0.0,0.0
205,27,পাইকগাছা,20.0,0.0,0.0,0.0,0.0,0.0,0.0,0.0,11.0,8.0,1.0,0.0,0.0,0.0,0.0,0.0,0.0
206,27,ফুলতলা,22.0,0.0,0.0,0.0,0.0,0.0,0.0,1.0,13.0,2.0,5.0,1.0,0.0,0.0,0.0,0.0,0.0
207,27,দিঘলিয়া,57.0,0.0,0.0,0.0,0.0,0.0,0.0,1.0,30.0,5.0,21.0,0.0,0.0,0.0,0.0,0.0,0.0
208,27,রূপসা,159.0,0.0,0.0,0.0,0.0,0.0,0.0,0.0,137.0,18.0,2.0,2.0,0.0,0.0,0.0,0.0,0.0
209,27,তেরখাদা,31.0,0.0,0.0,0.0,0.0,0.0,0.0,0.0,21.0,10.0,0.0,0.0,0.0,0.0,0.0,0.0,0.0
210,27,ডুমুরিয়া,43.0,0.0,0.0,0.0,0.0,0.0,0.0,0.0,38.0,5.0,0.0,0.0,0.0,0.0,0.0,0.0,0.0
211,27,বটিয়াঘাটা,0.0,0.0,0.0,0.0,0.0,0.0,0.0,0.0,0.0,0.0,0.0,0.0,0.0,0.0,0.0,0.0,0.0
212,27,দাকোপ,8.0,0.0,0.0,0.0,0.0,0.0,0.0,0.0,7.0,1.0,0.0,0.0,0.0,0.0,0.0,0.0,0.0
213,27,কয়রা,13.0,0.0,0.0,0.0,0.0,0.0,0.0,0.0,3.0,10.0,0.0,0.0,0.0,0.0,0.0,0.0,0.0
214,28,ফকিরহাট,6.0,0.0,0.0,0.0,0.0,0.0,0.0,0.0,6.0,0.0,0.0,0.0,0.0,0.0,0.0,0.0,0.0
215,28,বাগেরহাট সদর,68.0,0.0,0.0,0.0,0.0,0.0,0.0,2.0,53.0,12.0,0.0,1.0,0.0,0.0,0.0,0.0,0.0
216,28,মোল্লাহাট,0.0,0.0,0.0,0.0,0.0,0.0,0.0,0.0,0.0,0.0,0.0,0.0,0.0,0.0,0.0,0.0,0.0
217,28,শরণখোলা,43.0,0.0,0.0,0.0,0.0,0.0,0.0,0.0,36.0,4.0,1.0,2.0,0.0,0.0,0.0,0.0,0.0
218,28,রামপাল,8.0,0.0,0.0,0.0,0.0,0.0,0.0,0.0,5.0,0.0,2.0,0.0,1.0,1.0,1.0,0.0,0.0
219,28,মোড়েলগঞ্জ,3.0,0.0,0.0,0.0,0.0,0.0,0.0,0.0,3.0,0.0,0.0,0.0,0.0,0.0,0.0,0.0,0.0
220,28,কচুয়া,33.0,0.0,0.0,0.0,0.0,0.0,0.0,2.0,18.0,1.0,2.0,9.0,1.0,0.0,0.0,0.0,0.0
221,28,মোংলা,16.0,0.0,0.0,0.0,0.0,0.0,0.0,0.0,14.0,2.0,0.0,0.0,0.0,0.0,0.0,0.0,0.0
222,28,চিতলমারী,13.0,0.0,0.0,0.0,0.0,0.0,0.0,0.0,7.0,6.0,0.0,0.0,0.0,0.0,0.0,0.0,0.0
223,29,ঝিনাইদহ সদর,90.0,0.0,0.0,0.0,0.0,0.0,0.0,4.0,56.0,27.0,3.0,0.0,0.0,0.0,0.0,0.0,0.0
224,29,শৈলকুপা,16.0,0.0,0.0,0.0,0.0,0.0,0.0,0.0,11.0,5.0,0.0,0.0,0.0,0.0,0.0,0.0,0.0
225,29,হরিণাকুন্ডু,0.0,0.0,0.0,0.0,0.0,0.0,0.0,0.0,0.0,0.0,0.0,0.0,0.0,0.0,0.0,0.0,0.0
226,29,কালীগঞ্জ,179.0,0.0,0.0,0.0,0.0,0.0,0.0,0.0,124.0,39.0,14.0,2.0,0.0,0.0,0.0,0.0,0.0
227,29,কোটচাঁদপুর,7.0,0.0,0.0,0.0,0.0,0.0,0.0,0.0,2.0,5.0,0.0,0.0,0.0,0.0,0.0,0.0,0.0
228,29,মহেশপুর,10.0,0.0,0.0,0.0,0.0,0.0,0.0,0.0,5.0,5.0,0.0,0.0,0.0,0.0,0.0,0.0,0.0
229,30,ঝালকাঠি সদর,31.0,0.0,0.0,0.0,0.0,0.0,0.0,3.0,24.0,4.0,0.0,0.0,0.0,0.0,0.0,0.0,0.0
230,30,কাঠালিয়া,0.0,0.0,0.0,0.0,0.0,0.0,0.0,0.0,0.0,0.0,0.0,0.0,0.0,0.0,0.0,0.0,0.0
231,30,নলছিটি,18.0,0.0,0.0,0.0,0.0,0.0,0.0,0.0,18.0,0.0,0.0,0.0,0.0,0.0,0.0,0.0,0.0
232,30,রাজাপুর,87.0,0.0,0.0,0.0,0.0,0.0,0.0,1.0,76.0,8.0,1.0,0.0,1.0,0.0,0.0,0.0,0.0
233,31,বাউফল,40.0,0.0,0.0,0.0,0.0,0.0,0.0,5.0,33.0,0.0,2.0,0.0,0.0,0.0,0.0,0.0,0.0
234,31,পটুয়াখালী সদর,123.0,0.0,0.0,0.0,0.0,0.0,0.0,5.0,91.0,27.0,0.0,0.0,0.0,0.0,0.0,0.0,0.0
235,31,দুমকি,55.0,0.0,0.0,0.0,0.0,0.0,0.0,0.0,51.0,4.0,0.0,0.0,0.0,0.0,0.0,0.0,0.0
236,31,দশমিনা,23.0,0.0,0.0,0.0,0.0,0.0,0.0,0.0,19.0,4.0,0.0,0.0,0.0,0.0,0.0,0.0,0.0
237,31,কলাপাড়া,39.0,0.0,0.0,0.0,0.0,0.0,0.0,0.0,38.0,1.0,0.0,0.0,0.0,0.0,0.0,0.0,0.0
238,31,মির্জাগঞ্জ,29.0,0.0,0.0,0.0,0.0,0.0,0.0,0.0,23.0,4.0,0.0,2.0,0.0,0.0,0.0,0.0,0.0
239,31,গলাচিপা,21.0,0.0,0.0,0.0,0.0,0.0,0.0,0.0,20.0,0.0,0.0,1.0,0.0,0.0,0.0,0.0,0.0
240,31,রাঙ্গাবালী,13.0,0.0,0.0,0.0,0.0,0.0,0.0,0.0,4.0,9.0,0.0,0.0,0.0,0.0,0.0,0.0,0.0
241,32,পিরোজপুর সদর,90.0,0.0,0.0,0.0,0.0,0.0,0.0,12.0,65.0,8.0,2.0,3.0,0.0,0.0,0.0,0.0,0.0
242,32,নাজিরপুর,27.0,0.0,0.0,0.0,5.0,0.0,0.0,1.0,19.0,0.0,1.0,1.0,0.0,2.0,0.0,2.0,0.0
243,32,কাউখালী,24.0,0.0,0.0,0.0,0.0,0.0,0.0,4.0,16.0,2.0,0.0,2.0,0.0,0.0,0.0,0.0,0.0
244,32,জিয়ানগর,0.0,0.0,0.0,0.0,0.0,0.0,0.0,0.0,0.0,0.0,0.0,0.0,0.0,0.0,0.0,0.0,0.0
245,32,ভান্ডারিয়া,71.0,0.0,0.0,0.0,0.0,0.0,0.0,1.0,53.0,16.0,0.0,1.0,0.0,0.0,0.0,0.0,0.0
246,32,মঠবাড়ীয়া,0.0,0.0,0.0,0.0,0.0,0.0,0.0,0.0,0.0,0.0,0.0,0.0,0.0,0.0,0.0,0.0,0.0
247,32,নেছারাবাদ,9.0,0.0,0.0,0.0,0.0,0.0,0.0,0.0,0.0,0.0,0.0,9.0,0.0,0.0,0.0,0.0,0.0
248,33,বরিশাল সদর,369.0,0.0,0.0,0.0,0.0,0.0,0.0,9.0,282.0,63.0,14.0,1.0,0.0,0.0,0.0,0.0,0.0
249,33,বাকেরগঞ্জ,22.0,0.0,0.0,0.0,0.0,0.0,0.0,7.0,15.0,0.0,0.0,0.0,0.0,0.0,0.0,0.0,0.0
250,33,বাবুগঞ্জ,5.0,0.0,0.0,0.0,0.0,0.0,0.0,0.0,5.0,0.0,0.0,0.0,0.0,0.0,0.0,0.0,0.0
251,33,উজিরপুর,17.0,0.0,0.0,0.0,0.0,0.0,0.0,2.0,13.0,0.0,2.0,0.0,0.0,0.0,0.0,0.0,0.0
252,33,বানারীপাড়া,31.0,0.0,0.0,0.0,0.0,0.0,0.0,1.0,5.0,24.0,1.0,0.0,0.0,0.0,0.0,0.0,0.0
253,33,গৌরনদী,108.0,0.0,0.0,0.0,0.0,0.0,0.0,8.0,89.0,10.0,1.0,0.0,0.0,0.0,0.0,0.0,0.0
254,33,আগৈলঝাড়া,22.0,0.0,0.0,0.0,0.0,0.0,0.0,4.0,18.0,0.0,0.0,0.0,0.0,0.0,0.0,0.0,0.0
255,33,মেহেন্দিগঞ্জ,39.0,0.0,0.0,0.0,0.0,0.0,0.0,0.0,32.0,4.0,3.0,0.0,0.0,0.0,0.0,0.0,0.0
256,33,মুলাদী,40.0,0.0,0.0,0.0,0.0,0.0,0.0,0.0,3.0,37.0,0.0,0.0,0.0,0.0,0.0,0.0,0.0
257,33,হিজলা,6.0,0.0,0.0,0.0,0.0,0.0,0.0,0.0,2.0,4.0,0.0,0.0,0.0,0.0,0.0,0.0,0.0
258,34,ভোলা সদর,122.0,0.0,0.0,0.0,0.0,0.0,0.0,5.0,93.0,15.0,9.0,0.0,0.0,0.0,0.0,0.0,0.0
259,34,বোরহান উদ্দিন,28.0,0.0,0.0,0.0,0.0,0.0,1.0,0.0,18.0,4.0,1.0,2.0,2.0,0.0,0.0,0.0,0.0
260,34,চরফ্যাশন,27.0,0.0,0.0,0.0,0.0,0.0,0.0,0.0,19.0,8.0,0.0,0.0,0.0,0.0,0.0,0.0,0.0
261,34,দৌলতখান,9.0,0.0,0.0,0.0,0.0,0.0,0.0,0.0,9.0,0.0,0.0,0.0,0.0,0.0,0.0,0.0,0.0
262,34,মনপুরা,32.0,0.0,1.0,1.0,0.0,0.0,1.0,0.0,28.0,1.0,0.0,0.0,0.0,0.0,0.0,0.0,0.0
263,34,তজুমদ্দিন,2.0,0.0,0.0,0.0,0.0,0.0,0.0,0.0,2.0,0.0,0.0,0.0,0.0,0.0,0.0,0.0,0.0
264,34,লালমোহন,13.0,0.0,0.0,0.0,0.0,0.0,0.0,0.0,11.0,2.0,0.0,0.0,0.0,0.0,0.0,0.0,0.0
265,35,আমতলী,48.0,0.0,0.0,0.0,0.0,0.0,0.0,0.0,42.0,6.0,0.0,0.0,0.0,0.0,0.0,0.0,0.0
266,35,বরগুনা সদর,101.0,0.0,0.0,0.0,0.0,0.0,0.0,1.0,76.0,24.0,0.0,0.0,0.0,0.0,0.0,0.0,0.0
267,35,বেতাগী,26.0,0.0,0.0,0.0,0.0,0.0,0.0,0.0,3.0,23.0,0.0,0.0,0.0,0.0,0.0,0.0,0.0
268,35,বামনা,11.0,0.0,0.0,0.0,0.0,0.0,0.0,0.0,9.0,2.0,0.0,0.0,0.0,0.0,0.0,0.0,0.0
269,35,পাথরঘাটা,50.0,0.0,0.0,0.0,0.0,0.0,0.0,0.0,7.0,40.0,3.0,0.0,0.0,0.0,0.0,0.0,0.0
270,35,তালতলি,0.0,0.0,0.0,0.0,0.0,0.0,0.0,0.0,0.0,0.0,0.0,0.0,0.0,0.0,0.0,0.0,0.0
271,36,বালাগঞ্জ,0.0,0.0,0.0,0.0,0.0,0.0,0.0,0.0,0.0,0.0,0.0,0.0,0.0,0.0,0.0,0.0,0.0
272,36,বিয়ানীবাজার,13.0,0.0,0.0,0.0,0.0,0.0,0.0,0.0,6.0,7.0,0.0,0.0,0.0,0.0,0.0,0.0,0.0
273,36,বিশ্বনাথ,61.0,4.0,1.0,0.0,0.0,0.0,0.0,0.0,20.0,30.0,3.0,2.0,1.0,0.0,0.0,0.0,0.0
274,36,কোম্পানীগঞ্জ,38.0,0.0,0.0,0.0,0.0,0.0,0.0,0.0,31.0,7.0,0.0,0.0,0.0,0.0,0.0,0.0,0.0
275,36,ফেঞ্চুগঞ্জ,1.0,0.0,0.0,0.0,0.0,0.0,0.0,0.0,1.0,0.0,0.0,0.0,0.0,0.0,0.0,0.0,0.0
276,36,গোলাপগঞ্জ,5.0,0.0,0.0,0.0,0.0,0.0,0.0,0.0,3.0,1.0,0.0,0.0,1.0,0.0,0.0,0.0,0.0
277,36,গোয়াইনঘাট,1.0,0.0,0.0,0.0,0.0,0.0,0.0,0.0,1.0,0.0,0.0,0.0,0.0,0.0,0.0,0.0,0.0
278,36,জৈন্তাপুর,6.0,0.0,0.0,0.0,0.0,0.0,0.0,0.0,1.0,4.0,0.0,1.0,0.0,0.0,0.0,0.0,0.0
279,36,কানাইঘাট,6.0,0.0,0.0,0.0,0.0,0.0,0.0,0.0,5.0,0.0,0.0,0.0,1.0,0.0,0.0,0.0,0.0
280,36,সিলেট সদর,162.0,0.0,0.0,0.0,0.0,0.0,0.0,10.0,126.0,18.0,3.0,4.0,1.0,0.0,0.0,0.0,0.0
281,36,জকিগঞ্জ,4.0,0.0,0.0,0.0,0.0,0.0,0.0,0.0,3.0,0.0,0.0,0.0,1.0,0.0,0.0,0.0,0.0
282,36,দক্ষিণ সুরমা,30.0,0.0,0.0,0.0,0.0,0.0,0.0,0.0,29.0,0.0,0.0,1.0,0.0,0.0,0.0,0.0,0.0
283,36,ওসমানী নগর,25.0,0.0,0.0,0.0,0.0,0.0,0.0,0.0,22.0,0.0,0.0,2.0,1.0,0.0,0.0,0.0,0.0
284,37,বড়লেখা,12.0,0.0,0.0,0.0,0.0,0.0,0.0,0.0,7.0,5.0,0.0,0.0,0.0,0.0,0.0,0.0,0.0
285,37,কমলগঞ্জ,12.0,0.0,0.0,0.0,0.0,0.0,0.0,0.0,11.0,1.0,0.0,0.0,0.0,0.0,0.0,0.0,0.0
286,37,কুলাউড়া,22.0,0.0,0.0,1.0,0.0,0.0,0.0,1.0,12.0,6.0,0.0,0.0,2.0,0.0,0.0,0.0,0.0
287,37,মৌলভীবাজার সদর,43.0,0.0,0.0,0.0,0.0,0.0,0.0,5.0,30.0,8.0,0.0,0.0,0.0,0.0,0.0,0.0,0.0
288,37,রাজনগর,7.0,0.0,0.0,0.0,0.0,0.0,0.0,0.0,7.0,0.0,0.0,0.0,0.0,0.0,0.0,0.0,0.0
289,37,শ্রীমঙ্গল,21.0,1.0,0.0,0.0,0.0,0.0,0.0,1.0,19.0,0.0,0.0,0.0,0.0,1.0,1.0,0.0,0.0
290,37,জুড়ী,4.0,0.0,0.0,0.0,0.0,0.0,0.0,0.0,3.0,0.0,0.0,1.0,0.0,0.0,0.0,0.0,0.0
291,38,নবীগঞ্জ,16.0,0.0,0.0,0.0,0.0,0.0,0.0,1.0,6.0,0.0,9.0,0.0,0.0,0.0,0.0,0.0,0.0
292,38,বাহুবল,7.0,0.0,0.0,0.0,0.0,0.0,0.0,0.0,7.0,0.0,0.0,0.0,0.0,0.0,0.0,0.0,0.0
293,38,আজমিরীগঞ্জ,5.0,0.0,0.0,0.0,0.0,0.0,0.0,0.0,5.0,0.0,0.0,0.0,0.0,0.0,0.0,0.0,0.0
294,38,বানিয়াচং,15.0,1.0,0.0,0.0,5.0,0.0,0.0,0.0,5.0,4.0,0.0,0.0,0.0,0.0,0.0,0.0,0.0
295,38,লাখাই,28.0,0.0,0.0,0.0,0.0,0.0,0.0,0.0,24.0,4.0,0.0,0.0,0.0,0.0,0.0,0.0,0.0
296,38,চুনারুঘাট,22.0,0.0,0.0,0.0,0.0,0.0,0.0,0.0,14.0,7.0,1.0,0.0,0.0,0.0,0.0,0.0,0.0
297,38,হবিগঞ্জ সদর,115.0,1.0,0.0,1.0,6.0,0.0,0.0,15.0,74.0,16.0,2.0,0.0,0.0,0.0,0.0,0.0,0.0
298,38,মাধবপুর,34.0,0.0,0.0,0.0,0.0,0.0,0.0,0.0,23.0,9.0,2.0,0.0,0.0,0.0,0.0,0.0,0.0
299,39,সুনামগঞ্জ সদর,29.0,0.0,0.0,0.0,3.0,0.0,0.0,4.0,17.0,4.0,1.0,0.0,0.0,0.0,0.0,0.0,0.0
300,39,দক্ষিণ সুনামগঞ্জ,23.0,1.0,0.0,0.0,0.0,0.0,0.0,2.0,15.0,5.0,0.0,0.0,0.0,0.0,0.0,0.0,0.0
301,39,বিশ্বম্ভরপুর,2.0,0.0,1.0,0.0,0.0,0.0,0.0,0.0,1.0,0.0,0.0,0.0,0.0,0.0,0.0,0.0,0.0
302,39,ছাতক,0.0,0.0,0.0,0.0,0.0,0.0,0.0,0.0,0.0,0.0,0.0,0.0,0.0,0.0,0.0,0.0,0.0
303,39,জগন্নাথপুর,7.0,0.0,0.0,0.0,0.0,0.0,0.0,0.0,6.0,0.0,1.0,0.0,0.0,0.0,0.0,0.0,0.0
304,39,দোয়ারাবাজার,0.0,0.0,0.0,0.0,0.0,0.0,0.0,0.0,0.0,0.0,0.0,0.0,0.0,0.0,0.0,0.0,0.0
305,39,তাহিরপুর,5.0,0.0,0.0,0.0,0.0,0.0,0.0,0.0,4.0,1.0,0.0,0.0,0.0,0.0,0.0,0.0,0.0
306,39,ধর্মপাশা,6.0,0.0,0.0,0.0,0.0,0.0,0.0,0.0,1.0,5.0,0.0,0.0,0.0,0.0,0.0,0.0,0.0
307,39,জামালগঞ্জ,4.0,0.0,0.0,0.0,0.0,0.0,0.0,0.0,0.0,4.0,0.0,0.0,0.0,0.0,0.0,0.0,0.0
308,39,শাল্লা,6.0,0.0,0.0,0.0,0.0,0.0,0.0,0.0,2.0,4.0,0.0,0.0,0.0,0.0,0.0,0.0,0.0
309,39,দিরাই,9.0,0.0,0.0,0.0,0.0,0.0,0.0,0.0,0.0,9.0,0.0,0.0,0.0,0.0,0.0,0.0,0.0
310,40,বেলাবো,2.0,0.0,0.0,0.0,0.0,0.0,0.0,1.0,0.0,1.0,0.0,0.0,0.0,0.0,0.0,0.0,0.0
311,40,মনোহরদী,11.0,0.0,0.0,0.0,0.0,0.0,0.0,1.0,10.0,0.0,0.0,0.0,0.0,0.0,0.0,0.0,0.0
312,40,নরসিংদী সদর,32.0,0.0,0.0,0.0,0.0,0.0,0.0,5.0,24.0,2.0,1.0,0.0,0.0,0.0,0.0,0.0,0.0
313,40,পলাশ,102.0,0.0,3.0,0.0,1.0,0.0,0.0,5.0,71.0,20.0,2.0,0.0,0.0,3.0,0.0,0.0,3.0
314,40,রায়পুরা,2.0,0.0,0.0,0.0,0.0,0.0,0.0,0.0,0.0,2.0,0.0,0.0,0.0,0.0,0.0,0.0,0.0
315,40,শিবপুর,14.0,0.0,0.0,0.0,0.0,0.0,0.0,0.0,4.0,10.0,0.0,0.0,0.0,0.0,0.0,0.0,0.0
316,41,কালীগঞ্জ,179.0,0.0,0.0,0.0,0.0,0.0,0.0,0.0,124.0,39.0,14.0,2.0,0.0,0.0,0.0,0.0,0.0
317,41,কালিয়াকৈর,30.0,0.0,1.0,0.0,0.0,0.0,0.0,0.0,24.0,5.0,0.0,0.0,0.0,1.0,1.0,0.0,0.0
318,41,কাপাসিয়া,10.0,0.0,0.0,0.0,0.0,0.0,0.0,1.0,5.0,4.0,0.0,0.0,0.0,0.0,0.0,0.0,0.0
319,41,গাজীপুর সদর,56.0,0.0,0.0,0.0,0.0,0.0,0.0,7.0,35.0,14.0,0.0,0.0,0.0,0.0,0.0,0.0,0.0
320,41,শ্রীপুর,48.0,0.0,0.0,0.0,0.0,0.0,0.0,0.0,28.0,2.0,17.0,0.0,1.0,0.0,0.0,0.0,0.0
321,42,শরিয়তপুর সদর,3.0,0.0,0.0,0.0,0.0,0.0,0.0,0.0,2.0,1.0,0.0,0.0,0.0,0.0,0.0,0.0,0.0
322,42,নড়িয়া,13.0,1.0,0.0,0.0,0.0,0.0,0.0,0.0,12.0,0.0,0.0,0.0,0.0,0.0,0.0,0.0,0.0
323,42,জাজিরা,54.0,0.0,0.0,0.0,0.0,0.0,0.0,0.0,51.0,2.0,1.0,0.0,0.0,0.0,0.0,0.0,0.0
324,42,গোসাইরহাট,76.0,0.0,0.0,0.0,0.0,0.0,0.0,0.0,55.0,21.0,0.0,0.0,0.0,0.0,0.0,0.0,0.0
325,42,ভেদরগঞ্জ,62.0,0.0,0.0,0.0,0.0,0.0,0.0,0.0,60.0,2.0,0.0,0.0,0.0,0.0,0.0,0.0,0.0
326,42,ডামুড্যা,55.0,0.0,0.0,0.0,0.0,0.0,0.0,0.0,55.0,0.0,0.0,0.0,0.0,0.0,0.0,0.0,0.0
327,43,আড়াইহাজার,24.0,0.0,0.0,0.0,0.0,0.0,0.0,0.0,12.0,11.0,0.0,1.0,0.0,0.0,0.0,0.0,0.0
328,43,বন্দর,103.0,0.0,3.0,1.0,0.0,1.0,0.0,3.0,71.0,19.0,1.0,3.0,1.0,3.0,0.0,3.0,0.0
329,43,নারায়নগঞ্জ সদর,3.0,0.0,0.0,0.0,0.0,0.0,0.0,0.0,3.0,0.0,0.0,0.0,0.0,0.0,0.0,0.0,0.0
330,43,রূপগঞ্জ,27.0,0.0,0.0,0.0,0.0,0.0,2.0,4.0,17.0,2.0,0.0,2.0,0.0,0.0,0.0,0.0,0.0
331,43,সোনারগাঁ,14.0,0.0,0.0,0.0,0.0,0.0,0.0,1.0,9.0,2.0,2.0,0.0,0.0,0.0,0.0,0.0,0.0
332,44,বাসাইল,8.0,0.0,1.0,0.0,0.0,0.0,0.0,1.0,2.0,4.0,0.0,0.0,0.0,0.0,0.0,0.0,0.0
333,44,ভুয়াপুর,7.0,0.0,0.0,0.0,0.0,0.0,0.0,4.0,3.0,0.0,0.0,0.0,0.0,0.0,0.0,0.0,0.0
334,44,দেলদুয়ার,23.0,0.0,1.0,1.0,0.0,0.0,1.0,0.0,16.0,4.0,0.0,0.0,0.0,0.0,0.0,0.0,0.0
335,44,ঘাটাইল,14.0,0.0,0.0,0.0,0.0,0.0,0.0,3.0,11.0,0.0,0.0,0.0,0.0,0.0,0.0,0.0,0.0
336,44,গোপালপুর,26.0,0.0,2.0,0.0,0.0,0.0,0.0,1.0,11.0,9.0,2.0,1.0,0.0,1.0,1.0,0.0,0.0
337,44,মধুপুর,17.0,0.0,0.0,0.0,0.0,0.0,0.0,0.0,10.0,7.0,0.0,0.0,0.0,0.0,0.0,0.0,0.0
338,44,মির্জাপুর,102.0,1.0,16.0,0.0,0.0,0.0,0.0,3.0,71.0,4.0,5.0,2.0,0.0,2.0,0.0,2.0,0.0
339,44,নাগরপুর,5.0,0.0,0.0,0.0,0.0,0.0,0.0,0.0,5.0,0.0,0.0,0.0,0.0,0.0,0.0,0.0,0.0
340,44,সখিপুর,12.0,0.0,0.0,0.0,0.0,0.0,0.0,0.0,5.0,5.0,2.0,0.0,0.0,0.0,0.0,0.0,0.0
341,44,টাঙ্গাইল সদর,85.0,1.0,1.0,1.0,0.0,0.0,1.0,7.0,56.0,18.0,0.0,0.0,0.0,0.0,0.0,0.0,0.0
342,44,কালিহাতী,9.0,1.0,0.0,1.0,0.0,0.0,1.0,0.0,2.0,4.0,0.0,0.0,0.0,0.0,0.0,0.0,0.0
343,44,ধনবাড়ী,2.0,0.0,0.0,0.0,0.0,0.0,0.0,0.0,2.0,0.0,0.0,0.0,0.0,0.0,0.0,0.0,0.0
344,45,ইটনা,75.0,0.0,0.0,0.0,0.0,0.0,0.0,0.0,70.0,5.0,0.0,0.0,0.0,0.0,0.0,0.0,0.0
345,45,কটিয়াদী,8.0,0.0,0.0,0.0,0.0,0.0,0.0,1.0,5.0,0.0,0.0,2.0,0.0,0.0,0.0,0.0,0.0
346,45,ভৈরব,60.0,0.0,0.0,0.0,0.0,0.0,0.0,0.0,40.0,11.0,8.0,1.0,0.0,0.0,0.0,0.0,0.0
347,45,তাড়াইল,13.0,0.0,0.0,0.0,0.0,0.0,0.0,0.0,9.0,4.0,0.0,0.0,0.0,0.0,0.0,0.0,0.0
348,45,হোসেনপুর,42.0,0.0,0.0,0.0,0.0,0.0,0.0,0.0,22.0,19.0,1.0,0.0,0.0,0.0,0.0,0.0,0.0
349,45,পাকুন্দিয়া,102.0,0.0,0.0,0.0,0.0,0.0,0.0,0.0,100.0,2.0,0.0,0.0,0.0,0.0,0.0,0.0,0.0
350,45,কুলিয়ারচর,8.0,0.0,0.0,0.0,0.0,0.0,0.0,1.0,7.0,0.0,0.0,0.0,0.0,0.0,0.0,0.0,0.0
351,45,কিশোরগঞ্জ সদর,183.0,0.0,0.0,0.0,0.0,0.0,1.0,8.0,159.0,15.0,0.0,0.0,0.0,0.0,0.0,0.0,0.0
352,45,করিমগঞ্জ,16.0,0.0,0.0,0.0,0.0,0.0,0.0,1.0,12.0,0.0,3.0,0.0,0.0,0.0,0.0,0.0,0.0
353,45,বাজিতপুর,41.0,1.0,0.0,1.0,0.0,0.0,1.0,4.0,30.0,4.0,0.0,0.0,0.0,0.0,0.0,0.0,0.0
354,45,অষ্টগ্রাম,2.0,0.0,0.0,0.0,0.0,0.0,0.0,0.0,2.0,0.0,0.0,0.0,0.0,0.0,0.0,0.0,0.0
355,45,মিঠামইন,44.0,0.0,0.0,0.0,0.0,0.0,0.0,0.0,44.0,0.0,0.0,0.0,0.0,0.0,0.0,0.0,0.0
356,45,নিকলী,10.0,0.0,0.0,0.0,0.0,0.0,0.0,1.0,9.0,0.0,0.0,0.0,0.0,0.0,0.0,0.0,0.0
357,46,হরিরামপুর,12.0,0.0,0.0,0.0,0.0,0.0,0.0,0.0,11.0,0.0,0.0,0.0,1.0,0.0,0.0,0.0,0.0
358,46,সাটুরিয়া,15.0,0.0,0.0,0.0,0.0,0.0,0.0,0.0,9.0,6.0,0.0,0.0,0.0,0.0,0.0,0.0,0.0
359,46,মানিকগঞ্জ সদর,132.0,0.0,0.0,0.0,0.0,0.0,0.0,5.0,62.0,46.0,0.0,4.0,15.0,0.0,0.0,0.0,0.0
360,46,ঘিওর,29.0,0.0,0.0,0.0,0.0,0.0,0.0,0.0,22.0,4.0,3.0,0.0,0.0,0.0,0.0,0.0,0.0
361,46,শিবালয়,99.0,0.0,0.0,0.0,0.0,0.0,0.0,1.0,38.0,59.0,1.0,0.0,0.0,0.0,0.0,0.0,0.0
362,46,দৌলতপুর,225.0,0.0,0.0,0.0,0.0,0.0,0.0,0.0,62.0,133.0,29.0,0.0,0.0,0.0,0.0,0.0,0.0
363,46,সিংগাইর,18.0,0.0,0.0,0.0,0.0,0.0,0.0,0.0,14.0,4.0,0.0,0.0,0.0,0.0,0.0,0.0,0.0
364,47,সাভার,243.0,0.0,3.0,1.0,0.0,0.0,1.0,7.0,163.0,58.0,9.0,1.0,0.0,3.0,0.0,0.0,3.0
365,47,ধামরাই,19.0,0.0,0.0,0.0,0.0,0.0,0.0,1.0,15.0,2.0,1.0,0.0,0.0,0.0,0.0,0.0,0.0
366,47,কেরাণীগঞ্জ,0.0,0.0,0.0,0.0,0.0,0.0,0.0,0.0,0.0,0.0,0.0,0.0,0.0,0.0,0.0,0.0,0.0
367,47,নবাবগঞ্জ,32.0,0.0,0.0,0.0,0.0,0.0,0.0,0.0,10.0,5.0,4.0,12.0,1.0,0.0,0.0,0.0,0.0
368,47,দোহার,12.0,0.0,0.0,0.0,1.0,0.0,0.0,0.0,8.0,1.0,2.0,0.0,0.0,0.0,0.0,0.0,0.0
369,48,মুন্সিগঞ্জ সদর,12.0,0.0,0.0,0.0,0.0,0.0,0.0,1.0,10.0,1.0,0.0,0.0,0.0,0.0,0.0,0.0,0.0
370,48,শ্রীনগর,41.0,0.0,0.0,0.0,0.0,0.0,1.0,1.0,33.0,0.0,6.0,0.0,0.0,0.0,0.0,0.0,0.0
371,48,সিরাজদিখান,12.0,0.0,0.0,0.0,0.0,0.0,0.0,0.0,12.0,0.0,0.0,0.0,0.0,0.0,0.0,0.0,0.0
372,48,লৌহজং,9.0,0.0,0.0,0.0,0.0,0.0,0.0,0.0,9.0,0.0,0.0,0.0,0.0,0.0,0.0,0.0,0.0
373,48,গজারিয়া,15.0,0.0,0.0,0.0,0.0,0.0,0.0,0.0,15.0,0.0,0.0,0.0,0.0,0.0,0.0,0.0,0.0
374,48,টংগীবাড়ি,0.0,0.0,0.0,0.0,0.0,0.0,0.0,0.0,0.0,0.0,0.0,0.0,0.0,0.0,0.0,0.0,0.0
375,49,রাজবাড়ী সদর,134.0,0.0,0.0,0.0,0.0,0.0,0.0,3.0,105.0,10.0,16.0,0.0,0.0,0.0,0.0,0.0,0.0
376,49,গোয়ালন্দ,16.0,0.0,0.0,0.0,0.0,0.0,0.0,0.0,10.0,1.0,5.0,0.0,0.0,0.0,0.0,0.0,0.0
377,49,পাংশা,71.0,0.0,0.0,0.0,0.0,0.0,0.0,0.0,61.0,8.0,2.0,0.0,0.0,0.0,0.0,0.0,0.0
378,49,বালিয়াকান্দি,32.0,0.0,0.0,0.0,0.0,0.0,0.0,0.0,27.0,5.0,0.0,0.0,0.0,0.0,0.0,0.0,0.0
379,49,কালুখালী,3.0,0.0,0.0,0.0,0.0,0.0,0.0,0.0,2.0,1.0,0.0,0.0,0.0,0.0,0.0,0.0,0.0
380,50,মাদারীপুর সদর,140.0,0.0,0.0,0.0,1.0,0.0,0.0,6.0,122.0,7.0,3.0,1.0,0.0,0.0,0.0,0.0,0.0
381,50,শিবচর,226.0,0.0,0.0,0.0,0.0,0.0,0.0,0.0,157.0,68.0,1.0,0.0,0.0,0.0,0.0,0.0,0.0
382,50,কালকিনি,56.0,0.0,0.0,0.0,0.0,0.0,0.0,0.0,50.0,4.0,0.0,2.0,0.0,0.0,0.0,0.0,0.0
383,50,রাজৈর,74.0,0.0,0.0,0.0,0.0,0.0,0.0,0.0,45.0,27.0,0.0,2.0,0.0,0.0,0.0,0.0,0.0
384,51,গোপালগঞ্জ সদর,50.0,0.0,0.0,0.0,0.0,0.0,0.0,3.0,41.0,1.0,0.0,5.0,0.0,2.0,0.0,1.0,1.0
385,51,কাশিয়ানী,2.0,0.0,0.0,0.0,0.0,0.0,0.0,0.0,1.0,1.0,0.0,0.0,0.0,0.0,0.0,0.0,0.0
386,51,টুংগীপাড়া,0.0,0.0,0.0,0.0,0.0,0.0,0.0,0.0,0.0,0.0,0.0,0.0,0.0,0.0,0.0,0.0,0.0
387,51,কোটালীপাড়া,102.0,0.0,0.0,0.0,0.0,0.0,0.0,0.0,99.0,3.0,0.0,0.0,0.0,0.0,0.0,0.0,0.0
388,51,মুকসুদপুর,28.0,0.0,0.0,0.0,0.0,0.0,0.0,2.0,26.0,0.0,0.0,0.0,0.0,0.0,0.0,0.0,0.0
389,52,ফরিদপুর সদর,404.0,0.0,0.0,0.0,0.0,0.0,0.0,8.0,345.0,30.0,20.0,0.0,1.0,1.0,1.0,0.0,0.0
390,52,আলফাডাঙ্গা,28.0,0.0,0.0,0.0,0.0,0.0,0.0,0.0,25.0,3.0,0.0,0.0,0.0,0.0,0.0,0.0,0.0
391,52,বোয়ালমারী,60.0,0.0,0.0,0.0,0.0,0.0,1.0,2.0,52.0,5.0,0.0,0.0,0.0,0.0,0.0,0.0,0.0
392,52,সদরপুর,6.0,0.0,0.0,0.0,0.0,0.0,0.0,0.0,1.0,5.0,0.0,0.0,0.0,0.0,0.0,0.0,0.0
393,52,নগরকান্দা,30.0,0.0,0.0,0.0,0.0,0.0,0.0,0.0,25.0,4.0,1.0,0.0,0.0,0.0,0.0,0.0,0.0
394,52,ভাঙ্গা,143.0,0.0,0.0,2.0,0.0,1.0,0.0,2.0,104.0,29.0,2.0,3.0,0.0,0.0,0.0,0.0,0.0
395,52,চরভদ্রাসন,25.0,0.0,0.0,0.0,0.0,0.0,0.0,4.0,15.0,6.0,0.0,0.0,0.0,0.0,0.0,0.0,0.0
396,52,মধুখালী,84.0,0.0,0.0,0.0,0.0,0.0,0.0,0.0,71.0,13.0,0.0,0.0,0.0,0.0,0.0,0.0,0.0
397,52,সালথা,36.0,0.0,0.0,0.0,0.0,0.0,0.0,0.0,0.0,36.0,0.0,0.0,0.0,0.0,0.0,0.0,0.0
398,53,পঞ্চগড় সদর,24.0,0.0,0.0,0.0,0.0,0.0,0.0,4.0,16.0,4.0,0.0,0.0,0.0,0.0,0.0,0.0,0.0
399,53,দেবীগঞ্জ,9.0,0.0,0.0,0.0,0.0,0.0,0.0,0.0,5.0,4.0,0.0,0.0,0.0,0.0,0.0,0.0,0.0
400,53,বোদা,7.0,0.0,0.0,0.0,0.0,0.0,0.0,0.0,7.0,0.0,0.0,0.0,0.0,0.0,0.0,0.0,0.0
401,53,আটোয়ারী,12.0,0.0,0.0,0.0,0.0,0.0,0.0,1.0,7.0,4.0,0.0,0.0,0.0,0.0,0.0,0.0,0.0
402,53,তেতুলিয়া,7.0,0.0,0.0,0.0,0.0,0.0,0.0,0.0,6.0,0.0,1.0,0.0,0.0,0.0,0.0,0.0,0.0
403,54,নবাবগঞ্জ,32.0,0.0,0.0,0.0,0.0,0.0,0.0,0.0,10.0,5.0,4.0,12.0,1.0,0.0,0.0,0.0,0.0
404,54,বীরগঞ্জ,21.0,0.0,1.0,0.0,0.0,0.0,0.0,0.0,15.0,4.0,0.0,0.0,1.0,0.0,0.0,0.0,0.0
405,54,ঘোড়াঘাট,3.0,0.0,0.0,0.0,0.0,0.0,0.0,0.0,0.0,0.0,0.0,2.0,1.0,0.0,0.0,0.0,0.0
406,54,বিরামপুর,23.0,0.0,0.0,0.0,0.0,0.0,0.0,1.0,4.0,4.0,0.0,13.0,1.0,0.0,0.0,0.0,0.0
407,54,পার্বতীপুর,16.0,0.0,0.0,0.0,0.0,0.0,0.0,0.0,16.0,0.0,0.0,0.0,0.0,0.0,0.0,0.0,0.0
408,54,বোচাগঞ্জ,48.0,0.0,0.0,0.0,0.0,0.0,0.0,1.0,46.0,0.0,1.0,0.0,0.0,0.0,0.0,0.0,0.0
409,54,কাহারোল,9.0,0.0,0.0,0.0,0.0,0.0,0.0,0.0,5.0,4.0,0.0,0.0,0.0,0.0,0.0,0.0,0.0
410,54,ফুলবাড়ী,14.0,0.0,0.0,0.0,0.0,0.0,0.0,0.0,5.0,8.0,1.0,0.0,0.0,0.0,0.0,0.0,0.0
411,54,দিনাজপুর সদর,106.0,0.0,0.0,0.0,0.0,0.0,0.0,3.0,86.0,14.0,1.0,2.0,0.0,0.0,0.0,0.0,0.0
412,54,হাকিমপুর,16.0,0.0,0.0,0.0,0.0,0.0,0.0,0.0,4.0,2.0,0.0,9.0,1.0,0.0,0.0,0.0,0.0
413,54,খানসামা,4.0,0.0,0.0,0.0,0.0,0.0,0.0,0.0,0.0,4.0,0.0,0.0,0.0,0.0,0.0,0.0,0.0
414,54,বিরল,95.0,3.0,0.0,0.0,2.0,0.0,1.0,1.0,75.0,7.0,2.0,4.0,0.0,3.0,3.0,0.0,0.0
415,54,চিরিরবন্দর,7.0,0.0,0.0,0.0,0.0,0.0,0.0,1.0,2.0,4.0,0.0,0.0,0.0,0.0,0.0,0.0,0.0
416,55,লালমনিরহাট সদর,45.0,0.0,0.0,0.0,0.0,0.0,0.0,4.0,32.0,9.0,0.0,0.0,0.0,0.0,0.0,0.0,0.0
417,55,কালীগঞ্জ,179.0,0.0,0.0,0.0,0.0,0.0,0.0,0.0,124.0,39.0,14.0,2.0,0.0,0.0,0.0,0.0,0.0
418,55,হাতীবান্ধা,16.0,0.0,0.0,0.0,0.0,0.0,0.0,1.0,11.0,4.0,0.0,0.0,0.0,0.0,0.0,0.0,0.0
419,55,পাটগ্রাম,5.0,0.0,0.0,0.0,0.0,0.0,0.0,0.0,5.0,0.0,0.0,0.0,0.0,0.0,0.0,0.0,0.0
420,55,আদিতমারী,6.0,0.0,0.0,0.0,0.0,0.0,0.0,1.0,5.0,0.0,0.0,0.0,0.0,0.0,0.0,0.0,0.0
421,56,সৈয়দপুর,23.0,0.0,0.0,0.0,0.0,0.0,0.0,0.0,23.0,0.0,0.0,0.0,0.0,0.0,0.0,0.0,0.0
422,56,ডোমার,22.0,0.0,0.0,0.0,0.0,0.0,0.0,0.0,19.0,0.0,3.0,0.0,0.0,0.0,0.0,0.0,0.0
423,56,ডিমলা,13.0,0.0,0.0,0.0,0.0,0.0,0.0,0.0,10.0,0.0,3.0,0.0,0.0,0.0,0.0,0.0,0.0
424,56,জলঢাকা,17.0,0.0,0.0,0.0,0.0,0.0,0.0,0.0,13.0,0.0,4.0,0.0,0.0,0.0,0.0,0.0,0.0
425,56,কিশোরগঞ্জ,486.0,0.0,0.0,0.0,0.0,0.0,2.0,13.0,400.0,52.0,10.0,3.0,6.0,0.0,0.0,0.0,0.0
426,56,নীলফামারী সদর,48.0,0.0,0.0,0.0,0.0,0.0,0.0,2.0,46.0,0.0,0.0,0.0,0.0,0.0,0.0,0.0,0.0
427,57,সাদুল্লাপুর,1.0,0.0,0.0,0.0,0.0,0.0,0.0,0.0,1.0,0.0,0.0,0.0,0.0,0.0,0.0,0.0,0.0
428,57,গাইবান্ধা সদর,38.0,0.0,1.0,0.0,0.0,0.0,0.0,3.0,29.0,5.0,0.0,0.0,0.0,0.0,0.0,0.0,0.0
429,57,পলাশবাড়ী,21.0,0.0,0.0,0.0,0.0,0.0,0.0,0.0,20.0,1.0,0.0,0.0,0.0,0.0,0.0,0.0,0.0
430,57,সাঘাটা,4.0,0.0,1.0,0.0,0.0,0.0,0.0,0.0,3.0,0.0,0.0,0.0,0.0,0.0,0.0,0.0,0.0
431,57,গোবিন্দগঞ্জ,20.0,0.0,0.0,0.0,0.0,0.0,0.0,0.0,15.0,4.0,0.0,0.0,1.0,0.0,0.0,0.0,0.0
432,57,সুন্দরগঞ্জ,20.0,0.0,1.0,0.0,0.0,0.0,0.0,0.0,14.0,5.0,0.0,0.0,0.0,0.0,0.0,0.0,0.0
433,57,ফুলছড়ি,9.0,0.0,1.0,0.0,0.0,0.0,0.0,5.0,2.0,1.0,0.0,0.0,0.0,1.0,0.0,1.0,0.0
434,58,ঠাকুরগাঁও সদর,107.0,0.0,0.0,0.0,0.0,0.0,0.0,5.0,86.0,10.0,6.0,0.0,0.0,0.0,0.0,0.0,0.0
435,58,পীরগঞ্জ,17.0,0.0,0.0,0.0,0.0,0.0,0.0,0.0,12.0,5.0,0.0,0.0,0.0,0.0,0.0,0.0,0.0
436,58,রাণীশংকৈল,28.0,0.0,0.0,0.0,2.0,0.0,0.0,0.0,26.0,0.0,0.0,0.0,0.0,0.0,0.0,0.0,0.0
437,58,হরিপুর,26.0,0.0,0.0,0.0,0.0,0.0,0.0,1.0,17.0,1.0,7.0,0.0,0.0,0.0,0.0,0.0,0.0
438,58,বালিয়াডাঙ্গী,5.0,0.0,0.0,0.0,0.0,0.0,0.0,0.0,1.0,4.0,0.0,0.0,0.0,0.0,0.0,0.0,0.0
439,59,রংপুর সদর,204.0,0.0,0.0,0.0,0.0,0.0,0.0,8.0,175.0,19.0,2.0,0.0,0.0,0.0,0.0,0.0,0.0
440,59,গংগাচড়া,0.0,0.0,0.0,0.0,0.0,0.0,0.0,0.0,0.0,0.0,0.0,0.0,0.0,0.0,0.0,0.0,0.0
441,59,তারাগঞ্জ,1.0,0.0,0.0,0.0,0.0,0.0,0.0,0.0,0.0,1.0,0.0,0.0,0.0,0.0,0.0,0.0,0.0
442,59,বদরগঞ্জ,2.0,0.0,0.0,0.0,0.0,0.0,0.0,0.0,2.0,0.0,0.0,0.0,0.0,0.0,0.0,0.0,0.0
443,59,মিঠাপুকুর,17.0,0.0,0.0,0.0,0.0,0.0,0.0,0.0,13.0,4.0,0.0,0.0,0.0,0.0,0.0,0.0,0.0
444,59,পীরগঞ্জ,17.0,0.0,0.0,0.0,0.0,0.0,0.0,0.0,12.0,5.0,0.0,0.0,0.0,0.0,0.0,0.0,0.0
445,59,কাউনিয়া,7.0,0.0,0.0,0.0,0.0,0.0,1.0,1.0,5.0,0.0,0.0,0.0,0.0,0.0,0.0,0.0,0.0
446,59,পীরগাছা,1.0,0.0,0.0,0.0,0.0,0.0,0.0,0.0,1.0,0.0,0.0,0.0,0.0,0.0,0.0,0.0,0.0
447,60,কুড়িগ্রাম সদর,63.0,0.0,1.0,0.0,0.0,0.0,0.0,5.0,45.0,11.0,1.0,0.0,0.0,0.0,0.0,0.0,0.0
448,60,নাগেশ্বরী,2.0,0.0,0.0,0.0,0.0,0.0,0.0,0.0,2.0,0.0,0.0,0.0,0.0,0.0,0.0,0.0,0.0
449,60,ভুরুঙ্গামারী,1.0,0.0,0.0,0.0,0.0,0.0,0.0,0.0,1.0,0.0,0.0,0.0,0.0,0.0,0.0,0.0,0.0
450,60,ফুলবাড়ী,14.0,0.0,0.0,0.0,0.0,0.0,0.0,0.0,5.0,8.0,1.0,0.0,0.0,0.0,0.0,0.0,0.0
451,60,রাজারহাট,11.0,0.0,0.0,0.0,0.0,0.0,0.0,0.0,3.0,4.0,1.0,2.0,1.0,0.0,0.0,0.0,0.0
452,60,উলিপুর,12.0,0.0,0.0,0.0,0.0,0.0,0.0,1.0,10.0,0.0,1.0,0.0,0.0,0.0,0.0,0.0,0.0
453,60,চিলমারী,9.0,0.0,0.0,0.0,0.0,0.0,0.0,0.0,5.0,3.0,1.0,0.0,0.0,0.0,0.0,0.0,0.0
454,60,রৌমারী,7.0,0.0,0.0,0.0,0.0,0.0,0.0,0.0,5.0,2.0,0.0,0.0,0.0,0.0,0.0,0.0,0.0
455,60,চর রাজিবপুর,1.0,0.0,0.0,0.0,0.0,0.0,0.0,0.0,1.0,0.0,0.0,0.0,0.0,0.0,0.0,0.0,0.0
456,61,শেরপুর সদর,68.0,0.0,0.0,0.0,0.0,0.0,0.0,8.0,51.0,8.0,1.0,0.0,0.0,0.0,0.0,0.0,0.0
457,61,নালিতাবাড়ী,15.0,0.0,0.0,0.0,0.0,0.0,0.0,0.0,8.0,6.0,0.0,1.0,0.0,0.0,0.0,0.0,0.0
458,61,শ্রীবরদী,6.0,0.0,0.0,0.0,0.0,0.0,0.0,0.0,2.0,4.0,0.0,0.0,0.0,0.0,0.0,0.0,0.0
459,61,নকলা,16.0,0.0,0.0,0.0,0.0,0.0,0.0,0.0,12.0,4.0,0.0,0.0,0.0,0.0,0.0,0.0,0.0
460,61,ঝিনাইগাতী,8.0,0.0,0.0,0.0,0.0,0.0,0.0,0.0,7.0,1.0,0.0,0.0,0.0,1.0,1.0,0.0,0.0
461,62,ফুলবাড়ীয়া,2.0,0.0,0.0,0.0,0.0,0.0,0.0,0.0,2.0,0.0,0.0,0.0,0.0,0.0,0.0,0.0,0.0
462,62,ত্রিশাল,65.0,0.0,0.0,0.0,0.0,0.0,0.0,2.0,62.0,0.0,1.0,0.0,0.0,0.0,0.0,0.0,0.0
463,62,ভালুকা,33.0,0.0,0.0,0.0,0.0,0.0,0.0,2.0,29.0,2.0,0.0,0.0,0.0,0.0,0.0,0.0,0.0
464,62,মুক্তাগাছা,9.0,0.0,0.0,0.0,9.0,0.0,0.0,0.0,0.0,0.0,0.0,0.0,0.0,1.0,1.0,0.0,0.0
465,62,ময়মনসিংহ সদর,283.0,0.0,0.0,0.0,0.0,0.0,0.0,8.0,249.0,23.0,3.0,0.0,0.0,0.0,0.0,0.0,0.0
466,62,ধোবাউড়া,7.0,0.0,0.0,0.0,0.0,0.0,0.0,0.0,3.0,4.0,0.0,0.0,0.0,2.0,2.0,0.0,0.0
467,62,ফুলপুর,8.0,0.0,0.0,0.0,0.0,0.0,0.0,0.0,4.0,4.0,0.0,0.0,0.0,0.0,0.0,0.0,0.0
468,62,হালুয়াঘাট,7.0,0.0,0.0,0.0,0.0,0.0,0.0,0.0,2.0,5.0,0.0,0.0,0.0,0.0,0.0,0.0,0.0
469,62,গৌরীপুর,25.0,0.0,0.0,0.0,0.0,0.0,0.0,2.0,19.0,4.0,0.0,0.0,0.0,2.0,2.0,0.0,0.0
470,62,গফরগাঁও,5.0,0.0,0.0,0.0,0.0,0.0,0.0,0.0,4.0,1.0,0.0,0.0,0.0,0.0,0.0,0.0,0.0
471,62,ঈশ্বরগঞ্জ,1.0,0.0,0.0,0.0,0.0,0.0,0.0,0.0,1.0,0.0,0.0,0.0,0.0,0.0,0.0,0.0,0.0
472,62,নান্দাইল,20.0,0.0,0.0,0.0,0.0,0.0,0.0,0.0,16.0,3.0,1.0,0.0,0.0,0.0,0.0,0.0,0.0
473,62,তারাকান্দা,4.0,0.0,0.0,0.0,0.0,0.0,0.0,0.0,4.0,0.0,0.0,0.0,0.0,2.0,2.0,0.0,0.0
474,63,জামালপুর সদর,54.0,0.0,0.0,0.0,1.0,0.0,0.0,7.0,38.0,7.0,1.0,0.0,0.0,0.0,0.0,0.0,0.0
475,63,মেলান্দহ,4.0,0.0,0.0,0.0,0.0,0.0,0.0,0.0,4.0,0.0,0.0,0.0,0.0,0.0,0.0,0.0,0.0
476,63,ইসলামপুর,45.0,0.0,0.0,1.0,0.0,0.0,0.0,5.0,21.0,17.0,1.0,0.0,0.0,1.0,0.0,1.0,0.0
477,63,দেওয়ানগঞ্জ,26.0,0.0,0.0,0.0,0.0,0.0,0.0,0.0,22.0,4.0,0.0,0.0,0.0,0.0,0.0,0.0,0.0
478,63,সরিষাবাড়ী,13.0,0.0,0.0,0.0,0.0,0.0,0.0,2.0,11.0,0.0,0.0,0.0,0.0,0.0,0.0,0.0,0.0
479,63,মাদারগঞ্জ,5.0,0.0,0.0,0.0,0.0,0.0,0.0,0.0,4.0,1.0,0.0,0.0,0.0,0.0,0.0,0.0,0.0
480,63,বকশীগঞ্জ,2.0,0.0,0.0,0.0,0.0,0.0,0.0,0.0,2.0,0.0,0.0,0.0,0.0,0.0,0.0,0.0,0.0
481,64,বারহাট্টা,4.0,0.0,0.0,0.0,0.0,0.0,0.0,0.0,0.0,4.0,0.0,0.0,0.0,0.0,0.0,0.0,0.0
482,64,দুর্গাপুর,63.0,0.0,0.0,0.0,0.0,0.0,0.0,0.0,54.0,4.0,4.0,1.0,0.0,0.0,0.0,0.0,0.0
483,64,কেন্দুয়া,122.0,0.0,0.0,0.0,0.0,0.0,0.0,1.0,118.0,2.0,1.0,0.0,0.0,0.0,0.0,0.0,0.0
484,64,আটপাড়া,3.0,0.0,0.0,0.0,0.0,0.0,0.0,0.0,3.0,0.0,0.0,0.0,0.0,2.0,2.0,0.0,0.0
485,64,মদন,16.0,0.0,0.0,0.0,0.0,0.0,0.0,1.0,11.0,4.0,0.0,0.0,0.0,0.0,0.0,0.0,0.0
486,64,খালিয়াজুরী,1.0,0.0,0.0,0.0,0.0,0.0,0.0,0.0,1.0,0.0,0.0,0.0,0.0,0.0,0.0,0.0,0.0
487,64,কলমাকান্দা,7.0,0.0,0.0,0.0,0.0,0.0,0.0,0.0,3.0,4.0,0.0,0.0,0.0,0.0,0.0,0.0,0.0
488,64,মোহনগঞ্জ,8.0,0.0,0.0,0.0,0.0,0.0,0.0,0.0,8.0,0.0,0.0,0.0,0.0,0.0,0.0,0.0,0.0
489,64,পূর্বধলা,1.0,0.0,0.0,0.0,0.0,0.0,0.0,0.0,1.0,0.0,0.0,0.0,0.0,2.0,2.0,0.0,0.0
490,64,নেত্রকোণা সদর,46.0,0.0,0.0,0.0,0.0,0.0,0.0,0.0,46.0,0.0,0.0,0.0,0.0,0.0,0.0,0.0,0.0
